--
-- PostgreSQL database dump
--

-- Dumped from database version 12.22 (Ubuntu 12.22-0ubuntu0.20.04.4)
-- Dumped by pg_dump version 12.22 (Ubuntu 12.22-0ubuntu0.20.04.4)

SET statement_timeout = 0;
SET lock_timeout = 0;
SET idle_in_transaction_session_timeout = 0;
SET client_encoding = 'UTF8';
SET standard_conforming_strings = on;
SELECT pg_catalog.set_config('search_path', '', false);
SET check_function_bodies = false;
SET xmloption = content;
SET client_min_messages = warning;
SET row_security = off;

DROP DATABASE universe;
--
-- Name: universe; Type: DATABASE; Schema: -; Owner: freecodecamp
--

CREATE DATABASE universe WITH TEMPLATE = template0 ENCODING = 'UTF8' LC_COLLATE = 'C.UTF-8' LC_CTYPE = 'C.UTF-8';


ALTER DATABASE universe OWNER TO freecodecamp;

\connect universe

SET statement_timeout = 0;
SET lock_timeout = 0;
SET idle_in_transaction_session_timeout = 0;
SET client_encoding = 'UTF8';
SET standard_conforming_strings = on;
SELECT pg_catalog.set_config('search_path', '', false);
SET check_function_bodies = false;
SET xmloption = content;
SET client_min_messages = warning;
SET row_security = off;

SET default_tablespace = '';

SET default_table_access_method = heap;

--
-- Name: galaxy; Type: TABLE; Schema: public; Owner: freecodecamp
--

CREATE TABLE public.galaxy (
    galaxy_id integer NOT NULL,
    name character varying(100) NOT NULL,
    galaxy_type character varying(100) NOT NULL,
    distance_from_earth numeric,
    has_life boolean,
    age_in_millions_of_years integer
);


ALTER TABLE public.galaxy OWNER TO freecodecamp;

--
-- Name: galaxy_galaxy_id_seq; Type: SEQUENCE; Schema: public; Owner: freecodecamp
--

CREATE SEQUENCE public.galaxy_galaxy_id_seq
    AS integer
    START WITH 1
    INCREMENT BY 1
    NO MINVALUE
    NO MAXVALUE
    CACHE 1;


ALTER TABLE public.galaxy_galaxy_id_seq OWNER TO freecodecamp;

--
-- Name: galaxy_galaxy_id_seq; Type: SEQUENCE OWNED BY; Schema: public; Owner: freecodecamp
--

ALTER SEQUENCE public.galaxy_galaxy_id_seq OWNED BY public.galaxy.galaxy_id;


--
-- Name: moon; Type: TABLE; Schema: public; Owner: freecodecamp
--

CREATE TABLE public.moon (
    moon_id integer NOT NULL,
    name character varying(100) NOT NULL,
    planet_id integer NOT NULL,
    is_spherical boolean,
    discovery_year integer
);


ALTER TABLE public.moon OWNER TO freecodecamp;

--
-- Name: moon_moon_id_seq; Type: SEQUENCE; Schema: public; Owner: freecodecamp
--

CREATE SEQUENCE public.moon_moon_id_seq
    AS integer
    START WITH 1
    INCREMENT BY 1
    NO MINVALUE
    NO MAXVALUE
    CACHE 1;


ALTER TABLE public.moon_moon_id_seq OWNER TO freecodecamp;

--
-- Name: moon_moon_id_seq; Type: SEQUENCE OWNED BY; Schema: public; Owner: freecodecamp
--

ALTER SEQUENCE public.moon_moon_id_seq OWNED BY public.moon.moon_id;


--
-- Name: planet; Type: TABLE; Schema: public; Owner: freecodecamp
--

CREATE TABLE public.planet (
    planet_id integer NOT NULL,
    name character varying(100) NOT NULL,
    star_id integer NOT NULL,
    has_life boolean,
    age_in_millions_of_years integer
);


ALTER TABLE public.planet OWNER TO freecodecamp;

--
-- Name: planet_planet_id_seq; Type: SEQUENCE; Schema: public; Owner: freecodecamp
--

CREATE SEQUENCE public.planet_planet_id_seq
    AS integer
    START WITH 1
    INCREMENT BY 1
    NO MINVALUE
    NO MAXVALUE
    CACHE 1;


ALTER TABLE public.planet_planet_id_seq OWNER TO freecodecamp;

--
-- Name: planet_planet_id_seq; Type: SEQUENCE OWNED BY; Schema: public; Owner: freecodecamp
--

ALTER SEQUENCE public.planet_planet_id_seq OWNED BY public.planet.planet_id;


--
-- Name: space_mission; Type: TABLE; Schema: public; Owner: freecodecamp
--

CREATE TABLE public.space_mission (
    space_mission_id integer NOT NULL,
    name character varying(100) NOT NULL,
    description text NOT NULL,
    launch_year integer NOT NULL,
    is_active boolean,
    budget_millions_usd numeric
);


ALTER TABLE public.space_mission OWNER TO freecodecamp;

--
-- Name: space_mission_space_mission_id_seq; Type: SEQUENCE; Schema: public; Owner: freecodecamp
--

CREATE SEQUENCE public.space_mission_space_mission_id_seq
    AS integer
    START WITH 1
    INCREMENT BY 1
    NO MINVALUE
    NO MAXVALUE
    CACHE 1;


ALTER TABLE public.space_mission_space_mission_id_seq OWNER TO freecodecamp;

--
-- Name: space_mission_space_mission_id_seq; Type: SEQUENCE OWNED BY; Schema: public; Owner: freecodecamp
--

ALTER SEQUENCE public.space_mission_space_mission_id_seq OWNED BY public.space_mission.space_mission_id;


--
-- Name: star; Type: TABLE; Schema: public; Owner: freecodecamp
--

CREATE TABLE public.star (
    star_id integer NOT NULL,
    name character varying(100) NOT NULL,
    star_type character varying(100) NOT NULL,
    is_spherical boolean,
    galaxy_id integer NOT NULL
);


ALTER TABLE public.star OWNER TO freecodecamp;

--
-- Name: star_star_id_seq; Type: SEQUENCE; Schema: public; Owner: freecodecamp
--

CREATE SEQUENCE public.star_star_id_seq
    AS integer
    START WITH 1
    INCREMENT BY 1
    NO MINVALUE
    NO MAXVALUE
    CACHE 1;


ALTER TABLE public.star_star_id_seq OWNER TO freecodecamp;

--
-- Name: star_star_id_seq; Type: SEQUENCE OWNED BY; Schema: public; Owner: freecodecamp
--

ALTER SEQUENCE public.star_star_id_seq OWNED BY public.star.star_id;


--
-- Name: galaxy galaxy_id; Type: DEFAULT; Schema: public; Owner: freecodecamp
--

ALTER TABLE ONLY public.galaxy ALTER COLUMN galaxy_id SET DEFAULT nextval('public.galaxy_galaxy_id_seq'::regclass);


--
-- Name: moon moon_id; Type: DEFAULT; Schema: public; Owner: freecodecamp
--

ALTER TABLE ONLY public.moon ALTER COLUMN moon_id SET DEFAULT nextval('public.moon_moon_id_seq'::regclass);


--
-- Name: planet planet_id; Type: DEFAULT; Schema: public; Owner: freecodecamp
--

ALTER TABLE ONLY public.planet ALTER COLUMN planet_id SET DEFAULT nextval('public.planet_planet_id_seq'::regclass);


--
-- Name: space_mission space_mission_id; Type: DEFAULT; Schema: public; Owner: freecodecamp
--

ALTER TABLE ONLY public.space_mission ALTER COLUMN space_mission_id SET DEFAULT nextval('public.space_mission_space_mission_id_seq'::regclass);


--
-- Name: star star_id; Type: DEFAULT; Schema: public; Owner: freecodecamp
--

ALTER TABLE ONLY public.star ALTER COLUMN star_id SET DEFAULT nextval('public.star_star_id_seq'::regclass);


--
-- Data for Name: galaxy; Type: TABLE DATA; Schema: public; Owner: freecodecamp
--

INSERT INTO public.galaxy VALUES (1, 'Milky Way', 'Spiral', 0, true, 13600);
INSERT INTO public.galaxy VALUES (2, 'Andromeda', 'Spiral', 2537000, false, 10000);
INSERT INTO public.galaxy VALUES (3, 'Triangulum', 'Spiral', 3000000, false, 12000);
INSERT INTO public.galaxy VALUES (4, 'Sombrero', 'Elliptical', 29000000, false, 13000);
INSERT INTO public.galaxy VALUES (5, 'Whirlpool', 'Spiral', 23000000, false, 400);
INSERT INTO public.galaxy VALUES (6, 'Cartwheel', 'Ring', 500000000, false, 600);


--
-- Data for Name: moon; Type: TABLE DATA; Schema: public; Owner: freecodecamp
--

INSERT INTO public.moon VALUES (1, 'Luna-1A', 1, true, NULL);
INSERT INTO public.moon VALUES (2, 'Luna-1B', 1, false, NULL);
INSERT INTO public.moon VALUES (3, 'Luna-2A', 2, true, NULL);
INSERT INTO public.moon VALUES (4, 'Luna-2B', 2, true, NULL);
INSERT INTO public.moon VALUES (5, 'Luna-3A', 3, false, NULL);
INSERT INTO public.moon VALUES (6, 'Luna-3B', 3, true, NULL);
INSERT INTO public.moon VALUES (7, 'Luna-4A', 4, true, NULL);
INSERT INTO public.moon VALUES (8, 'Luna-4B', 4, false, NULL);
INSERT INTO public.moon VALUES (9, 'Luna-5A', 5, true, NULL);
INSERT INTO public.moon VALUES (10, 'Luna-5B', 5, true, NULL);
INSERT INTO public.moon VALUES (11, 'Luna-6A', 6, false, NULL);
INSERT INTO public.moon VALUES (12, 'Luna-6B', 6, true, NULL);
INSERT INTO public.moon VALUES (13, 'Luna-7A', 7, true, NULL);
INSERT INTO public.moon VALUES (14, 'Luna-7B', 7, false, NULL);
INSERT INTO public.moon VALUES (15, 'Luna-8A', 8, true, NULL);
INSERT INTO public.moon VALUES (16, 'Luna-8B', 8, true, NULL);
INSERT INTO public.moon VALUES (17, 'Luna-9A', 9, false, NULL);
INSERT INTO public.moon VALUES (18, 'Luna-9B', 9, true, NULL);
INSERT INTO public.moon VALUES (19, 'Luna-10A', 10, true, NULL);
INSERT INTO public.moon VALUES (20, 'Luna-10B', 10, false, NULL);


--
-- Data for Name: planet; Type: TABLE DATA; Schema: public; Owner: freecodecamp
--

INSERT INTO public.planet VALUES (1, 'Mercuria', 1, false, NULL);
INSERT INTO public.planet VALUES (2, 'Terra', 1, true, NULL);
INSERT INTO public.planet VALUES (3, 'Proxima-b', 2, false, NULL);
INSERT INTO public.planet VALUES (4, 'Proxima-c', 2, false, NULL);
INSERT INTO public.planet VALUES (5, 'Sirius Prime', 3, false, NULL);
INSERT INTO public.planet VALUES (6, 'Sirius Minor', 3, false, NULL);
INSERT INTO public.planet VALUES (7, 'Andro-1', 4, false, NULL);
INSERT INTO public.planet VALUES (8, 'Andro-2', 4, false, NULL);
INSERT INTO public.planet VALUES (9, 'Tri-Alpha', 5, false, NULL);
INSERT INTO public.planet VALUES (10, 'Tri-Beta', 5, false, NULL);
INSERT INTO public.planet VALUES (11, 'Whirl-1', 6, false, NULL);
INSERT INTO public.planet VALUES (12, 'Whirl-2', 6, false, NULL);


--
-- Data for Name: space_mission; Type: TABLE DATA; Schema: public; Owner: freecodecamp
--

INSERT INTO public.space_mission VALUES (1, 'Apollo 11', 'First mission to land humans on the Moon.', 1969, false, 355.00);
INSERT INTO public.space_mission VALUES (2, 'Voyager 1', 'Deep space probe exploring interstellar space.', 1977, true, 250.50);
INSERT INTO public.space_mission VALUES (3, 'James Webb Telescope', 'Infrared space telescope studying distant galaxies.', 2021, true, 10000.75);


--
-- Data for Name: star; Type: TABLE DATA; Schema: public; Owner: freecodecamp
--

INSERT INTO public.star VALUES (1, 'Sun', 'Yellow Dwarf', true, 1);
INSERT INTO public.star VALUES (2, 'Proxima Centauri', 'Red Dwarf', true, 1);
INSERT INTO public.star VALUES (3, 'Sirius', 'Main Sequence', true, 1);
INSERT INTO public.star VALUES (4, 'Alpha Andromedae', 'Blue Giant', true, 2);
INSERT INTO public.star VALUES (5, 'TRI-01', 'Red Giant', true, 3);
INSERT INTO public.star VALUES (6, 'Whirlpool Star A', 'Neutron Star', true, 5);


--
-- Name: galaxy_galaxy_id_seq; Type: SEQUENCE SET; Schema: public; Owner: freecodecamp
--

SELECT pg_catalog.setval('public.galaxy_galaxy_id_seq', 6, true);


--
-- Name: moon_moon_id_seq; Type: SEQUENCE SET; Schema: public; Owner: freecodecamp
--

SELECT pg_catalog.setval('public.moon_moon_id_seq', 20, true);


--
-- Name: planet_planet_id_seq; Type: SEQUENCE SET; Schema: public; Owner: freecodecamp
--

SELECT pg_catalog.setval('public.planet_planet_id_seq', 12, true);


--
-- Name: space_mission_space_mission_id_seq; Type: SEQUENCE SET; Schema: public; Owner: freecodecamp
--

SELECT pg_catalog.setval('public.space_mission_space_mission_id_seq', 3, true);


--
-- Name: star_star_id_seq; Type: SEQUENCE SET; Schema: public; Owner: freecodecamp
--

SELECT pg_catalog.setval('public.star_star_id_seq', 6, true);


--
-- Name: galaxy galaxy_name_key; Type: CONSTRAINT; Schema: public; Owner: freecodecamp
--

ALTER TABLE ONLY public.galaxy
    ADD CONSTRAINT galaxy_name_key UNIQUE (name);


--
-- Name: galaxy galaxy_pkey; Type: CONSTRAINT; Schema: public; Owner: freecodecamp
--

ALTER TABLE ONLY public.galaxy
    ADD CONSTRAINT galaxy_pkey PRIMARY KEY (galaxy_id);


--
-- Name: moon moon_name_key; Type: CONSTRAINT; Schema: public; Owner: freecodecamp
--

ALTER TABLE ONLY public.moon
    ADD CONSTRAINT moon_name_key UNIQUE (name);


--
-- Name: moon moon_pkey; Type: CONSTRAINT; Schema: public; Owner: freecodecamp
--

ALTER TABLE ONLY public.moon
    ADD CONSTRAINT moon_pkey PRIMARY KEY (moon_id);


--
-- Name: planet planet_name_key; Type: CONSTRAINT; Schema: public; Owner: freecodecamp
--

ALTER TABLE ONLY public.planet
    ADD CONSTRAINT planet_name_key UNIQUE (name);


--
-- Name: planet planet_pkey; Type: CONSTRAINT; Schema: public; Owner: freecodecamp
--

ALTER TABLE ONLY public.planet
    ADD CONSTRAINT planet_pkey PRIMARY KEY (planet_id);


--
-- Name: space_mission space_mission_name_key; Type: CONSTRAINT; Schema: public; Owner: freecodecamp
--

ALTER TABLE ONLY public.space_mission
    ADD CONSTRAINT space_mission_name_key UNIQUE (name);


--
-- Name: space_mission space_mission_pkey; Type: CONSTRAINT; Schema: public; Owner: freecodecamp
--

ALTER TABLE ONLY public.space_mission
    ADD CONSTRAINT space_mission_pkey PRIMARY KEY (space_mission_id);


--
-- Name: star star_name_key; Type: CONSTRAINT; Schema: public; Owner: freecodecamp
--

ALTER TABLE ONLY public.star
    ADD CONSTRAINT star_name_key UNIQUE (name);


--
-- Name: star star_pkey; Type: CONSTRAINT; Schema: public; Owner: freecodecamp
--

ALTER TABLE ONLY public.star
    ADD CONSTRAINT star_pkey PRIMARY KEY (star_id);


--
-- Name: moon moon_planet_id_fkey; Type: FK CONSTRAINT; Schema: public; Owner: freecodecamp
--

ALTER TABLE ONLY public.moon
    ADD CONSTRAINT moon_planet_id_fkey FOREIGN KEY (planet_id) REFERENCES public.planet(planet_id);


--
-- Name: planet planet_star_id_fkey; Type: FK CONSTRAINT; Schema: public; Owner: freecodecamp
--

ALTER TABLE ONLY public.planet
    ADD CONSTRAINT planet_star_id_fkey FOREIGN KEY (star_id) REFERENCES public.star(star_id);


--
-- Name: star star_galaxy_id_fkey; Type: FK CONSTRAINT; Schema: public; Owner: freecodecamp
--

ALTER TABLE ONLY public.star
    ADD CONSTRAINT star_galaxy_id_fkey FOREIGN KEY (galaxy_id) REFERENCES public.galaxy(galaxy_id);


--
-- PostgreSQL database dump complete
--

